promotion_name,view_promotion_sessions,respond_promotion_sessions,promotion_ctr,add_to_cart_sessions,purchase_sessions,add_to_cart_rate,session_cvr,total_item_quantity,total_unique_items,total_purchase_revenue
Act Responsible,5477,2842.0,0.5188972064999087,1193,402,0.21781997443856124,0.0733978455358773,1854.0,1165,28172.0
Complete Your Collection,2953,1546.0,0.5235353877412801,998,328,0.33796139519133084,0.1110734845919404,1393.0,925,20352.0
Google Mural Collection,2260,1003.0,0.44380530973451326,947,359,0.4190265486725664,0.1588495575221239,1676.0,1209,25207.0
Reach New Heights,97137,2812.0,0.028948804266139577,2519,947,0.025932445926886767,0.009749117226185697,4008.0,2651,66789.0
(not set),27457,,,3683,877,0.13413701424044872,0.0319408529700987,4030.0,2461,58826.0
